transaction_id,date,category,amount,user_email
1,2025-12-23 17:07:43.754610,Clothing,100.72,user0@pmifi.ru
2,2025-12-22 17:07:43.754610,Books,275.53,user1@pmifi.ru
3,2025-12-21 17:07:43.754610,Home,437.74,user2@pmifi.ru
4,2025-12-20 17:07:43.754610,Home,368.79,user3@pmifi.ru
5,2025-12-19 17:07:43.754610,Electronics,405.21,user4@pmifi.ru
6,2025-12-18 17:07:43.754610,Electronics,332.8,user5@pmifi.ru
7,2025-12-17 17:07:43.754610,Electronics,349.22,user6@pmifi.ru
8,2025-12-16 17:07:43.754610,Books,426.11,user7@pmifi.ru
9,2025-12-15 17:07:43.754610,Home,132.34,user8@pmifi.ru
10,2025-12-14 17:07:43.754610,Home,249.82,user9@pmifi.ru
11,2025-12-13 17:07:43.754610,Electronics,118.39,user10@pmifi.ru
12,2025-12-12 17:07:43.754610,Books,493.96,user11@pmifi.ru
13,2025-12-11 17:07:43.754610,Books,472.59,user12@pmifi.ru
14,2025-12-10 17:07:43.754610,Electronics,29.32,user13@pmifi.ru
15,2025-12-09 17:07:43.754610,Electronics,355.73,user14@pmifi.ru
16,2025-12-08 17:07:43.754610,Electronics,463.37,user15@pmifi.ru
17,2025-12-07 17:07:43.754610,Clothing,98.48,user16@pmifi.ru
18,2025-12-06 17:07:43.754610,Home,288.29,user17@pmifi.ru
19,2025-12-05 17:07:43.754610,Clothing,458.59,user18@pmifi.ru
20,2025-12-04 17:07:43.754610,Clothing,26.63,user19@pmifi.ru
21,2025-12-03 17:07:43.754610,Home,351.74,user20@pmifi.ru
22,2025-12-02 17:07:43.754610,Electronics,155.7,user21@pmifi.ru
23,2025-12-01 17:07:43.754610,Clothing,462.95,user22@pmifi.ru
24,2025-11-30 17:07:43.754610,Clothing,485.82,user23@pmifi.ru
25,2025-11-29 17:07:43.754610,Clothing,472.69,user24@pmifi.ru
26,2025-11-28 17:07:43.754610,Books,242.36,user25@pmifi.ru
27,2025-11-27 17:07:43.754610,Electronics,432.4,user26@pmifi.ru
28,2025-11-26 17:07:43.754610,Home,423.83,user27@pmifi.ru
29,2025-11-25 17:07:43.754610,Home,166.36,user28@pmifi.ru
30,2025-11-24 17:07:43.754610,Electronics,416.17,user29@pmifi.ru
31,2025-11-23 17:07:43.754610,Home,28.13,user30@pmifi.ru
32,2025-11-22 17:07:43.754610,Electronics,302.17,user31@pmifi.ru
33,2025-11-21 17:07:43.754610,Electronics,122.7,user32@pmifi.ru
34,2025-11-20 17:07:43.754610,Books,69.08,user33@pmifi.ru
35,2025-11-19 17:07:43.754610,Books,47.71,user34@pmifi.ru
36,2025-11-18 17:07:43.754610,Books,351.18,user35@pmifi.ru
37,2025-11-17 17:07:43.754610,Clothing,176.54,user36@pmifi.ru
38,2025-11-16 17:07:43.754610,Electronics,365.14,user37@pmifi.ru
39,2025-11-15 17:07:43.754610,Home,42.02,user38@pmifi.ru
40,2025-11-14 17:07:43.754610,Clothing,164.49,user39@pmifi.ru
41,2025-11-13 17:07:43.754610,Electronics,274.35,user40@pmifi.ru
42,2025-11-12 17:07:43.754610,Clothing,397.45,user41@pmifi.ru
43,2025-11-11 17:07:43.754610,Electronics,166.19,user42@pmifi.ru
44,2025-11-10 17:07:43.754610,Books,316.69,user43@pmifi.ru
45,2025-11-09 17:07:43.754610,Clothing,444.13,user44@pmifi.ru
46,2025-11-08 17:07:43.754610,Home,311.77,user45@pmifi.ru
47,2025-11-07 17:07:43.754610,Clothing,124.15,user46@pmifi.ru
48,2025-11-06 17:07:43.754610,Home,21.96,user47@pmifi.ru
49,2025-11-05 17:07:43.754610,Home,436.35,user48@pmifi.ru
50,2025-11-04 17:07:43.754610,Electronics,20.42,user49@pmifi.ru
51,2025-11-03 17:07:43.754610,Books,438.6,user50@pmifi.ru
52,2025-11-02 17:07:43.754610,Books,269.18,user51@pmifi.ru
53,2025-11-01 17:07:43.754610,Books,470.14,user52@pmifi.ru
54,2025-10-31 17:07:43.754610,Books,401.4,user53@pmifi.ru
55,2025-10-30 17:07:43.754610,Home,498.99,user54@pmifi.ru
56,2025-10-29 17:07:43.754610,Books,181.85,user55@pmifi.ru
57,2025-10-28 17:07:43.754610,Electronics,385.92,user56@pmifi.ru
58,2025-10-27 17:07:43.754610,Electronics,206.95,user57@pmifi.ru
59,2025-10-26 17:07:43.754610,Electronics,245.14,user58@pmifi.ru
60,2025-10-25 17:07:43.754610,Clothing,317.48,user59@pmifi.ru
61,2025-10-24 17:07:43.754610,Clothing,438.1,user60@pmifi.ru
62,2025-10-23 17:07:43.754610,Clothing,492.2,user61@pmifi.ru
63,2025-10-22 17:07:43.754610,Books,386.45,user62@pmifi.ru
64,2025-10-21 17:07:43.754610,Clothing,214.71,user63@pmifi.ru
65,2025-10-20 17:07:43.754610,Clothing,216.46,user64@pmifi.ru
66,2025-10-19 17:07:43.754610,Home,371.42,user65@pmifi.ru
67,2025-10-18 17:07:43.754610,Electronics,127.0,user66@pmifi.ru
68,2025-10-17 17:07:43.754610,Books,64.13,user67@pmifi.ru
69,2025-10-16 17:07:43.754610,Electronics,183.76,user68@pmifi.ru
70,2025-10-15 17:07:43.754610,Books,150.75,user69@pmifi.ru
71,2025-10-14 17:07:43.754610,Books,155.19,user70@pmifi.ru
72,2025-10-13 17:07:43.754610,Electronics,124.47,user71@pmifi.ru
73,2025-10-12 17:07:43.754610,Electronics,30.63,user72@pmifi.ru
74,2025-10-11 17:07:43.754610,Books,18.76,user73@pmifi.ru
75,2025-10-10 17:07:43.754610,Home,493.98,user74@pmifi.ru
76,2025-10-09 17:07:43.754610,Home,219.61,user75@pmifi.ru
77,2025-10-08 17:07:43.754610,Books,198.32,user76@pmifi.ru
78,2025-10-07 17:07:43.754610,Electronics,343.03,user77@pmifi.ru
79,2025-10-06 17:07:43.754610,Clothing,116.94,user78@pmifi.ru
80,2025-10-05 17:07:43.754610,Electronics,475.48,user79@pmifi.ru
81,2025-10-04 17:07:43.754610,Books,395.31,user80@pmifi.ru
82,2025-10-03 17:07:43.754610,Home,53.81,user81@pmifi.ru
83,2025-10-02 17:07:43.754610,Clothing,214.61,user82@pmifi.ru
84,2025-10-01 17:07:43.754610,Electronics,440.77,user83@pmifi.ru
85,2025-09-30 17:07:43.754610,Clothing,472.92,user84@pmifi.ru
86,2025-09-29 17:07:43.754610,Clothing,239.03,user85@pmifi.ru
87,2025-09-28 17:07:43.754610,Home,310.57,user86@pmifi.ru
88,2025-09-27 17:07:43.754610,Home,91.85,user87@pmifi.ru
89,2025-09-26 17:07:43.754610,Books,495.67,user88@pmifi.ru
90,2025-09-25 17:07:43.754610,Clothing,123.52,user89@pmifi.ru
91,2025-09-24 17:07:43.754610,Electronics,471.94,user90@pmifi.ru
92,2025-09-23 17:07:43.754610,Home,328.33,user91@pmifi.ru
93,2025-09-22 17:07:43.754610,Books,307.79,user92@pmifi.ru
94,2025-09-21 17:07:43.754610,Home,261.22,user93@pmifi.ru
95,2025-09-20 17:07:43.754610,Books,123.03,user94@pmifi.ru
96,2025-09-19 17:07:43.754610,Clothing,96.5,user95@pmifi.ru
97,2025-09-18 17:07:43.754610,Home,118.04,user96@pmifi.ru
98,2025-09-17 17:07:43.754610,Clothing,101.35,user97@pmifi.ru
99,2025-09-16 17:07:43.754610,Electronics,392.0,user98@pmifi.ru
100,2025-09-15 17:07:43.754610,Electronics,181.56,user99@pmifi.ru
101,2025-09-14 17:07:43.754610,Electronics,38.34,user100@pmifi.ru
102,2025-09-13 17:07:43.754610,Home,484.86,user101@pmifi.ru
103,2025-09-12 17:07:43.754610,Clothing,443.06,user102@pmifi.ru
104,2025-09-11 17:07:43.754610,Home,464.6,user103@pmifi.ru
105,2025-09-10 17:07:43.754610,Books,497.5,user104@pmifi.ru
106,2025-09-09 17:07:43.754610,Electronics,95.21,user105@pmifi.ru
107,2025-09-08 17:07:43.754610,Clothing,204.16,user106@pmifi.ru
108,2025-09-07 17:07:43.754610,Books,381.54,user107@pmifi.ru
109,2025-09-06 17:07:43.754610,Electronics,351.05,user108@pmifi.ru
110,2025-09-05 17:07:43.754610,Electronics,85.41,user109@pmifi.ru
111,2025-09-04 17:07:43.754610,Clothing,409.76,user110@pmifi.ru
112,2025-09-03 17:07:43.754610,Electronics,119.98,user111@pmifi.ru
113,2025-09-02 17:07:43.754610,Books,119.67,user112@pmifi.ru
114,2025-09-01 17:07:43.754610,Books,273.12,user113@pmifi.ru
115,2025-08-31 17:07:43.754610,Home,300.54,user114@pmifi.ru
116,2025-08-30 17:07:43.754610,Books,294.24,user115@pmifi.ru
117,2025-08-29 17:07:43.754610,Books,54.83,user116@pmifi.ru
118,2025-08-28 17:07:43.754610,Electronics,439.96,user117@pmifi.ru
119,2025-08-27 17:07:43.754610,Books,140.14,user118@pmifi.ru
120,2025-08-26 17:07:43.754610,Home,73.46,user119@pmifi.ru
121,2025-08-25 17:07:43.754610,Books,445.49,user120@pmifi.ru
122,2025-08-24 17:07:43.754610,Books,478.27,user121@pmifi.ru
123,2025-08-23 17:07:43.754610,Clothing,432.44,user122@pmifi.ru
124,2025-08-22 17:07:43.754610,Electronics,406.66,user123@pmifi.ru
125,2025-08-21 17:07:43.754610,Electronics,331.07,user124@pmifi.ru
126,2025-08-20 17:07:43.754610,Clothing,279.92,user125@pmifi.ru
127,2025-08-19 17:07:43.754610,Books,52.62,user126@pmifi.ru
128,2025-08-18 17:07:43.754610,Books,210.14,user127@pmifi.ru
129,2025-08-17 17:07:43.754610,Electronics,192.62,user128@pmifi.ru
130,2025-08-16 17:07:43.754610,Home,137.28,user129@pmifi.ru
131,2025-08-15 17:07:43.754610,Clothing,364.48,user130@pmifi.ru
132,2025-08-14 17:07:43.754610,Electronics,252.98,user131@pmifi.ru
133,2025-08-13 17:07:43.754610,Electronics,49.71,user132@pmifi.ru
134,2025-08-12 17:07:43.754610,Clothing,117.89,user133@pmifi.ru
135,2025-08-11 17:07:43.754610,Books,344.8,user134@pmifi.ru
136,2025-08-10 17:07:43.754610,Clothing,47.3,user135@pmifi.ru
137,2025-08-09 17:07:43.754610,Home,427.09,user136@pmifi.ru
138,2025-08-08 17:07:43.754610,Home,252.62,user137@pmifi.ru
139,2025-08-07 17:07:43.754610,Clothing,245.49,user138@pmifi.ru
140,2025-08-06 17:07:43.754610,Books,300.28,user139@pmifi.ru
141,2025-08-05 17:07:43.754610,Books,414.09,user140@pmifi.ru
142,2025-08-04 17:07:43.754610,Clothing,180.43,user141@pmifi.ru
143,2025-08-03 17:07:43.754610,Clothing,342.23,user142@pmifi.ru
144,2025-08-02 17:07:43.754610,Clothing,287.21,user143@pmifi.ru
145,2025-08-01 17:07:43.754610,Clothing,140.84,user144@pmifi.ru
146,2025-07-31 17:07:43.754610,Electronics,440.53,user145@pmifi.ru
147,2025-07-30 17:07:43.754610,Home,400.74,user146@pmifi.ru
148,2025-07-29 17:07:43.754610,Home,332.64,user147@pmifi.ru
149,2025-07-28 17:07:43.754610,Electronics,426.79,user148@pmifi.ru
150,2025-07-27 17:07:43.754610,Clothing,434.97,user149@pmifi.ru
151,2025-07-26 17:07:43.754610,Books,357.1,user150@pmifi.ru
152,2025-07-25 17:07:43.754610,Electronics,420.14,user151@pmifi.ru
153,2025-07-24 17:07:43.754610,Electronics,351.76,user152@pmifi.ru
154,2025-07-23 17:07:43.754610,Clothing,343.27,user153@pmifi.ru
155,2025-07-22 17:07:43.754610,Books,313.12,user154@pmifi.ru
156,2025-07-21 17:07:43.754610,Electronics,378.83,user155@pmifi.ru
157,2025-07-20 17:07:43.754610,Home,87.72,user156@pmifi.ru
158,2025-07-19 17:07:43.754610,Books,441.63,user157@pmifi.ru
159,2025-07-18 17:07:43.754610,Electronics,437.2,user158@pmifi.ru
160,2025-07-17 17:07:43.754610,Home,24.33,user159@pmifi.ru
161,2025-07-16 17:07:43.754610,Clothing,414.65,user160@pmifi.ru
162,2025-07-15 17:07:43.754610,Home,73.15,user161@pmifi.ru
163,2025-07-14 17:07:43.754610,Home,174.21,user162@pmifi.ru
164,2025-07-13 17:07:43.754610,Home,374.32,user163@pmifi.ru
165,2025-07-12 17:07:43.754610,Electronics,88.77,user164@pmifi.ru
166,2025-07-11 17:07:43.754610,Books,410.8,user165@pmifi.ru
167,2025-07-10 17:07:43.754610,Clothing,417.75,user166@pmifi.ru
168,2025-07-09 17:07:43.754610,Electronics,258.66,user167@pmifi.ru
169,2025-07-08 17:07:43.754610,Electronics,13.13,user168@pmifi.ru
170,2025-07-07 17:07:43.754610,Home,150.65,user169@pmifi.ru
171,2025-07-06 17:07:43.754610,Home,312.29,user170@pmifi.ru
172,2025-07-05 17:07:43.754610,Electronics,490.78,user171@pmifi.ru
173,2025-07-04 17:07:43.754610,Home,319.59,user172@pmifi.ru
174,2025-07-03 17:07:43.754610,Electronics,137.3,user173@pmifi.ru
175,2025-07-02 17:07:43.754610,Home,320.66,user174@pmifi.ru
176,2025-07-01 17:07:43.754610,Electronics,274.59,user175@pmifi.ru
177,2025-06-30 17:07:43.754610,Home,392.12,user176@pmifi.ru
178,2025-06-29 17:07:43.754610,Clothing,62.42,user177@pmifi.ru
179,2025-06-28 17:07:43.754610,Books,382.9,user178@pmifi.ru
180,2025-06-27 17:07:43.754610,Electronics,275.22,user179@pmifi.ru
181,2025-06-26 17:07:43.754610,Clothing,481.87,user180@pmifi.ru
182,2025-06-25 17:07:43.754610,Electronics,177.52,user181@pmifi.ru
183,2025-06-24 17:07:43.754610,Books,319.98,user182@pmifi.ru
184,2025-06-23 17:07:43.754610,Books,466.69,user183@pmifi.ru
185,2025-06-22 17:07:43.754610,Clothing,60.23,user184@pmifi.ru
186,2025-06-21 17:07:43.754610,Home,469.24,user185@pmifi.ru
187,2025-06-20 17:07:43.754610,Books,347.06,user186@pmifi.ru
188,2025-06-19 17:07:43.754610,Home,43.24,user187@pmifi.ru
189,2025-06-18 17:07:43.754610,Home,157.47,user188@pmifi.ru
190,2025-06-17 17:07:43.754610,Electronics,357.0,user189@pmifi.ru
191,2025-06-16 17:07:43.754610,Electronics,43.0,user190@pmifi.ru
192,2025-06-15 17:07:43.754610,Books,295.26,user191@pmifi.ru
193,2025-06-14 17:07:43.754610,Books,179.48,user192@pmifi.ru
194,2025-06-13 17:07:43.754610,Home,314.25,user193@pmifi.ru
195,2025-06-12 17:07:43.754610,Clothing,32.41,user194@pmifi.ru
196,2025-06-11 17:07:43.754610,Clothing,437.05,user195@pmifi.ru
197,2025-06-10 17:07:43.754610,Home,487.01,user196@pmifi.ru
198,2025-06-09 17:07:43.754610,Books,484.75,user197@pmifi.ru
199,2025-06-08 17:07:43.754610,Books,377.33,user198@pmifi.ru
200,2025-06-07 17:07:43.754610,Books,73.74,user199@pmifi.ru
201,2025-06-06 17:07:43.754610,Home,381.55,user200@pmifi.ru
202,2025-06-05 17:07:43.754610,Electronics,22.05,user201@pmifi.ru
203,2025-06-04 17:07:43.754610,Electronics,20.84,user202@pmifi.ru
204,2025-06-03 17:07:43.754610,Books,168.57,user203@pmifi.ru
205,2025-06-02 17:07:43.754610,Home,249.44,user204@pmifi.ru
206,2025-06-01 17:07:43.754610,Electronics,387.5,user205@pmifi.ru
207,2025-05-31 17:07:43.754610,Electronics,344.81,user206@pmifi.ru
208,2025-05-30 17:07:43.754610,Home,228.49,user207@pmifi.ru
209,2025-05-29 17:07:43.754610,Electronics,144.08,user208@pmifi.ru
210,2025-05-28 17:07:43.754610,Electronics,498.59,user209@pmifi.ru
211,2025-05-27 17:07:43.754610,Home,218.83,user210@pmifi.ru
212,2025-05-26 17:07:43.754610,Home,231.18,user211@pmifi.ru
213,2025-05-25 17:07:43.754610,Home,90.18,user212@pmifi.ru
214,2025-05-24 17:07:43.754610,Electronics,399.46,user213@pmifi.ru
215,2025-05-23 17:07:43.754610,Home,349.9,user214@pmifi.ru
216,2025-05-22 17:07:43.754610,Electronics,118.18,user215@pmifi.ru
217,2025-05-21 17:07:43.754610,Clothing,50.37,user216@pmifi.ru
218,2025-05-20 17:07:43.754610,Home,343.44,user217@pmifi.ru
219,2025-05-19 17:07:43.754610,Home,330.71,user218@pmifi.ru
220,2025-05-18 17:07:43.754610,Books,143.9,user219@pmifi.ru
221,2025-05-17 17:07:43.754610,Home,475.92,user220@pmifi.ru
222,2025-05-16 17:07:43.754610,Home,84.02,user221@pmifi.ru
223,2025-05-15 17:07:43.754610,Electronics,221.84,user222@pmifi.ru
224,2025-05-14 17:07:43.754610,Clothing,472.37,user223@pmifi.ru
225,2025-05-13 17:07:43.754610,Clothing,215.67,user224@pmifi.ru
226,2025-05-12 17:07:43.754610,Electronics,322.88,user225@pmifi.ru
227,2025-05-11 17:07:43.754610,Books,204.82,user226@pmifi.ru
228,2025-05-10 17:07:43.754610,Clothing,144.37,user227@pmifi.ru
229,2025-05-09 17:07:43.754610,Books,492.15,user228@pmifi.ru
230,2025-05-08 17:07:43.754610,Home,210.57,user229@pmifi.ru
231,2025-05-07 17:07:43.754610,Books,448.11,user230@pmifi.ru
232,2025-05-06 17:07:43.754610,Home,122.68,user231@pmifi.ru
233,2025-05-05 17:07:43.754610,Home,114.42,user232@pmifi.ru
234,2025-05-04 17:07:43.754610,Clothing,25.26,user233@pmifi.ru
235,2025-05-03 17:07:43.754610,Electronics,329.32,user234@pmifi.ru
236,2025-05-02 17:07:43.754610,Home,190.58,user235@pmifi.ru
237,2025-05-01 17:07:43.754610,Clothing,433.54,user236@pmifi.ru
238,2025-04-30 17:07:43.754610,Electronics,241.87,user237@pmifi.ru
239,2025-04-29 17:07:43.754610,Home,484.41,user238@pmifi.ru
240,2025-04-28 17:07:43.754610,Electronics,100.91,user239@pmifi.ru
241,2025-04-27 17:07:43.754610,Books,435.63,user240@pmifi.ru
242,2025-04-26 17:07:43.754610,Books,390.53,user241@pmifi.ru
243,2025-04-25 17:07:43.754610,Books,387.75,user242@pmifi.ru
244,2025-04-24 17:07:43.754610,Clothing,423.94,user243@pmifi.ru
245,2025-04-23 17:07:43.754610,Electronics,382.9,user244@pmifi.ru
246,2025-04-22 17:07:43.754610,Books,316.85,user245@pmifi.ru
247,2025-04-21 17:07:43.754610,Clothing,74.31,user246@pmifi.ru
248,2025-04-20 17:07:43.754610,Books,25.94,user247@pmifi.ru
249,2025-04-19 17:07:43.754610,Books,461.22,user248@pmifi.ru
250,2025-04-18 17:07:43.754610,Books,312.16,user249@pmifi.ru
251,2025-04-17 17:07:43.754610,Clothing,400.3,user250@pmifi.ru
252,2025-04-16 17:07:43.754610,Clothing,245.95,user251@pmifi.ru
253,2025-04-15 17:07:43.754610,Books,67.48,user252@pmifi.ru
254,2025-04-14 17:07:43.754610,Clothing,71.34,user253@pmifi.ru
255,2025-04-13 17:07:43.754610,Electronics,345.93,user254@pmifi.ru
256,2025-04-12 17:07:43.754610,Home,220.85,user255@pmifi.ru
257,2025-04-11 17:07:43.754610,Books,108.26,user256@pmifi.ru
258,2025-04-10 17:07:43.754610,Home,250.88,user257@pmifi.ru
259,2025-04-09 17:07:43.754610,Home,41.46,user258@pmifi.ru
260,2025-04-08 17:07:43.754610,Electronics,295.17,user259@pmifi.ru
261,2025-04-07 17:07:43.754610,Home,141.81,user260@pmifi.ru
262,2025-04-06 17:07:43.754610,Books,400.8,user261@pmifi.ru
263,2025-04-05 17:07:43.754610,Electronics,162.08,user262@pmifi.ru
264,2025-04-04 17:07:43.754610,Home,233.06,user263@pmifi.ru
265,2025-04-03 17:07:43.754610,Books,15.69,user264@pmifi.ru
266,2025-04-02 17:07:43.754610,Home,45.5,user265@pmifi.ru
267,2025-04-01 17:07:43.754610,Home,202.32,user266@pmifi.ru
268,2025-03-31 17:07:43.754610,Home,245.17,user267@pmifi.ru
269,2025-03-30 17:07:43.754610,Clothing,304.01,user268@pmifi.ru
270,2025-03-29 17:07:43.754610,Clothing,152.91,user269@pmifi.ru
271,2025-03-28 17:07:43.754610,Books,350.54,user270@pmifi.ru
272,2025-03-27 17:07:43.754610,Books,431.46,user271@pmifi.ru
273,2025-03-26 17:07:43.754610,Books,392.13,user272@pmifi.ru
274,2025-03-25 17:07:43.754610,Books,29.41,user273@pmifi.ru
275,2025-03-24 17:07:43.754610,Home,245.45,user274@pmifi.ru
276,2025-03-23 17:07:43.754610,Home,61.42,user275@pmifi.ru
277,2025-03-22 17:07:43.754610,Books,128.6,user276@pmifi.ru
278,2025-03-21 17:07:43.754610,Home,493.46,user277@pmifi.ru
279,2025-03-20 17:07:43.754610,Home,79.82,user278@pmifi.ru
280,2025-03-19 17:07:43.754610,Books,254.46,user279@pmifi.ru
281,2025-03-18 17:07:43.754610,Books,312.9,user280@pmifi.ru
282,2025-03-17 17:07:43.754610,Clothing,354.21,user281@pmifi.ru
283,2025-03-16 17:07:43.754610,Clothing,284.23,user282@pmifi.ru
284,2025-03-15 17:07:43.754610,Electronics,14.79,user283@pmifi.ru
285,2025-03-14 17:07:43.754610,Home,169.97,user284@pmifi.ru
286,2025-03-13 17:07:43.754610,Electronics,263.68,user285@pmifi.ru
287,2025-03-12 17:07:43.754610,Clothing,53.05,user286@pmifi.ru
288,2025-03-11 17:07:43.754610,Home,181.81,user287@pmifi.ru
289,2025-03-10 17:07:43.754610,Clothing,26.27,user288@pmifi.ru
290,2025-03-09 17:07:43.754610,Home,48.5,user289@pmifi.ru
291,2025-03-08 17:07:43.754610,Electronics,204.49,user290@pmifi.ru
292,2025-03-07 17:07:43.754610,Electronics,75.03,user291@pmifi.ru
293,2025-03-06 17:07:43.754610,Books,288.1,user292@pmifi.ru
294,2025-03-05 17:07:43.754610,Clothing,347.84,user293@pmifi.ru
295,2025-03-04 17:07:43.754610,Electronics,402.29,user294@pmifi.ru
296,2025-03-03 17:07:43.754610,Home,108.07,user295@pmifi.ru
297,2025-03-02 17:07:43.754610,Books,92.07,user296@pmifi.ru
298,2025-03-01 17:07:43.754610,Electronics,61.24,user297@pmifi.ru
299,2025-02-28 17:07:43.754610,Home,321.85,user298@pmifi.ru
300,2025-02-27 17:07:43.754610,Electronics,356.17,user299@pmifi.ru
301,2025-02-26 17:07:43.754610,Electronics,25.48,user300@pmifi.ru
302,2025-02-25 17:07:43.754610,Home,468.74,user301@pmifi.ru
303,2025-02-24 17:07:43.754610,Home,35.47,user302@pmifi.ru
304,2025-02-23 17:07:43.754610,Home,275.24,user303@pmifi.ru
305,2025-02-22 17:07:43.754610,Home,357.44,user304@pmifi.ru
306,2025-02-21 17:07:43.754610,Books,436.77,user305@pmifi.ru
307,2025-02-20 17:07:43.754610,Home,359.9,user306@pmifi.ru
308,2025-02-19 17:07:43.754610,Clothing,402.85,user307@pmifi.ru
309,2025-02-18 17:07:43.754610,Books,176.33,user308@pmifi.ru
310,2025-02-17 17:07:43.754610,Clothing,409.26,user309@pmifi.ru
311,2025-02-16 17:07:43.754610,Clothing,49.26,user310@pmifi.ru
312,2025-02-15 17:07:43.754610,Electronics,448.46,user311@pmifi.ru
313,2025-02-14 17:07:43.754610,Electronics,278.32,user312@pmifi.ru
314,2025-02-13 17:07:43.754610,Books,410.48,user313@pmifi.ru
315,2025-02-12 17:07:43.754610,Books,231.64,user314@pmifi.ru
316,2025-02-11 17:07:43.754610,Home,325.35,user315@pmifi.ru
317,2025-02-10 17:07:43.754610,Clothing,267.94,user316@pmifi.ru
318,2025-02-09 17:07:43.754610,Electronics,368.48,user317@pmifi.ru
319,2025-02-08 17:07:43.754610,Electronics,50.0,user318@pmifi.ru
320,2025-02-07 17:07:43.754610,Clothing,39.57,user319@pmifi.ru
321,2025-02-06 17:07:43.754610,Home,131.08,user320@pmifi.ru
322,2025-02-05 17:07:43.754610,Home,88.18,user321@pmifi.ru
323,2025-02-04 17:07:43.754610,Home,437.17,user322@pmifi.ru
324,2025-02-03 17:07:43.754610,Clothing,117.41,user323@pmifi.ru
325,2025-02-02 17:07:43.754610,Books,488.17,user324@pmifi.ru
326,2025-02-01 17:07:43.754610,Home,175.08,user325@pmifi.ru
327,2025-01-31 17:07:43.754610,Home,99.24,user326@pmifi.ru
328,2025-01-30 17:07:43.754610,Home,396.95,user327@pmifi.ru
329,2025-01-29 17:07:43.754610,Clothing,332.77,user328@pmifi.ru
330,2025-01-28 17:07:43.754610,Electronics,254.12,user329@pmifi.ru
331,2025-01-27 17:07:43.754610,Clothing,282.13,user330@pmifi.ru
332,2025-01-26 17:07:43.754610,Books,362.41,user331@pmifi.ru
333,2025-01-25 17:07:43.754610,Electronics,121.94,user332@pmifi.ru
334,2025-01-24 17:07:43.754610,Electronics,498.2,user333@pmifi.ru
335,2025-01-23 17:07:43.754610,Electronics,487.65,user334@pmifi.ru
336,2025-01-22 17:07:43.754610,Electronics,328.66,user335@pmifi.ru
337,2025-01-21 17:07:43.754610,Books,107.78,user336@pmifi.ru
338,2025-01-20 17:07:43.754610,Home,343.31,user337@pmifi.ru
339,2025-01-19 17:07:43.754610,Clothing,45.38,user338@pmifi.ru
340,2025-01-18 17:07:43.754610,Electronics,25.02,user339@pmifi.ru
341,2025-01-17 17:07:43.754610,Clothing,136.26,user340@pmifi.ru
342,2025-01-16 17:07:43.754610,Clothing,236.69,user341@pmifi.ru
343,2025-01-15 17:07:43.754610,Electronics,435.45,user342@pmifi.ru
344,2025-01-14 17:07:43.754610,Clothing,366.31,user343@pmifi.ru
345,2025-01-13 17:07:43.754610,Clothing,373.93,user344@pmifi.ru
346,2025-01-12 17:07:43.754610,Home,218.49,user345@pmifi.ru
347,2025-01-11 17:07:43.754610,Home,179.51,user346@pmifi.ru
348,2025-01-10 17:07:43.754610,Electronics,191.81,user347@pmifi.ru
349,2025-01-09 17:07:43.754610,Clothing,493.95,user348@pmifi.ru
350,2025-01-08 17:07:43.754610,Home,29.65,user349@pmifi.ru
351,2025-01-07 17:07:43.754610,Home,434.85,user350@pmifi.ru
352,2025-01-06 17:07:43.754610,Books,293.55,user351@pmifi.ru
353,2025-01-05 17:07:43.754610,Home,224.92,user352@pmifi.ru
354,2025-01-04 17:07:43.754610,Electronics,365.38,user353@pmifi.ru
355,2025-01-03 17:07:43.754610,Electronics,248.47,user354@pmifi.ru
356,2025-01-02 17:07:43.754610,Home,437.98,user355@pmifi.ru
357,2025-01-01 17:07:43.754610,Electronics,451.34,user356@pmifi.ru
358,2024-12-31 17:07:43.754610,Home,216.64,user357@pmifi.ru
359,2024-12-30 17:07:43.754610,Books,145.65,user358@pmifi.ru
360,2024-12-29 17:07:43.754610,Home,300.25,user359@pmifi.ru
361,2024-12-28 17:07:43.754610,Clothing,457.06,user360@pmifi.ru
362,2024-12-27 17:07:43.754610,Home,113.22,user361@pmifi.ru
363,2024-12-26 17:07:43.754610,Clothing,315.25,user362@pmifi.ru
364,2024-12-25 17:07:43.754610,Home,319.46,user363@pmifi.ru
365,2024-12-24 17:07:43.754610,Books,369.23,user364@pmifi.ru
366,2024-12-23 17:07:43.754610,Clothing,74.47,user365@pmifi.ru
367,2024-12-22 17:07:43.754610,Books,360.75,user366@pmifi.ru
368,2024-12-21 17:07:43.754610,Books,455.43,user367@pmifi.ru
369,2024-12-20 17:07:43.754610,Electronics,98.04,user368@pmifi.ru
370,2024-12-19 17:07:43.754610,Electronics,126.4,user369@pmifi.ru
371,2024-12-18 17:07:43.754610,Electronics,485.98,user370@pmifi.ru
372,2024-12-17 17:07:43.754610,Electronics,98.68,user371@pmifi.ru
373,2024-12-16 17:07:43.754610,Electronics,428.65,user372@pmifi.ru
374,2024-12-15 17:07:43.754610,Home,251.22,user373@pmifi.ru
375,2024-12-14 17:07:43.754610,Electronics,131.14,user374@pmifi.ru
376,2024-12-13 17:07:43.754610,Clothing,436.67,user375@pmifi.ru
377,2024-12-12 17:07:43.754610,Books,228.2,user376@pmifi.ru
378,2024-12-11 17:07:43.754610,Electronics,262.26,user377@pmifi.ru
379,2024-12-10 17:07:43.754610,Books,186.02,user378@pmifi.ru
380,2024-12-09 17:07:43.754610,Clothing,300.55,user379@pmifi.ru
381,2024-12-08 17:07:43.754610,Electronics,90.13,user380@pmifi.ru
382,2024-12-07 17:07:43.754610,Home,201.63,user381@pmifi.ru
383,2024-12-06 17:07:43.754610,Home,485.01,user382@pmifi.ru
384,2024-12-05 17:07:43.754610,Books,136.49,user383@pmifi.ru
385,2024-12-04 17:07:43.754610,Home,331.8,user384@pmifi.ru
386,2024-12-03 17:07:43.754610,Books,169.34,user385@pmifi.ru
387,2024-12-02 17:07:43.754610,Clothing,389.0,user386@pmifi.ru
388,2024-12-01 17:07:43.754610,Electronics,74.13,user387@pmifi.ru
389,2024-11-30 17:07:43.754610,Books,485.21,user388@pmifi.ru
390,2024-11-29 17:07:43.754610,Books,232.36,user389@pmifi.ru
391,2024-11-28 17:07:43.754610,Books,125.66,user390@pmifi.ru
392,2024-11-27 17:07:43.754610,Clothing,46.01,user391@pmifi.ru
393,2024-11-26 17:07:43.754610,Clothing,93.18,user392@pmifi.ru
394,2024-11-25 17:07:43.754610,Books,264.69,user393@pmifi.ru
395,2024-11-24 17:07:43.754610,Clothing,175.13,user394@pmifi.ru
396,2024-11-23 17:07:43.754610,Books,416.15,user395@pmifi.ru
397,2024-11-22 17:07:43.754610,Books,221.13,user396@pmifi.ru
398,2024-11-21 17:07:43.754610,Clothing,131.87,user397@pmifi.ru
399,2024-11-20 17:07:43.754610,Books,312.4,user398@pmifi.ru
400,2024-11-19 17:07:43.754610,Books,356.32,user399@pmifi.ru
401,2024-11-18 17:07:43.754610,Electronics,91.85,user400@pmifi.ru
402,2024-11-17 17:07:43.754610,Books,92.13,user401@pmifi.ru
403,2024-11-16 17:07:43.754610,Home,27.97,user402@pmifi.ru
404,2024-11-15 17:07:43.754610,Books,370.84,user403@pmifi.ru
405,2024-11-14 17:07:43.754610,Clothing,335.26,user404@pmifi.ru
406,2024-11-13 17:07:43.754610,Books,242.57,user405@pmifi.ru
407,2024-11-12 17:07:43.754610,Clothing,423.64,user406@pmifi.ru
408,2024-11-11 17:07:43.754610,Electronics,404.78,user407@pmifi.ru
409,2024-11-10 17:07:43.754610,Books,296.82,user408@pmifi.ru
410,2024-11-09 17:07:43.754610,Electronics,435.45,user409@pmifi.ru
411,2024-11-08 17:07:43.754610,Clothing,110.86,user410@pmifi.ru
412,2024-11-07 17:07:43.754610,Books,64.84,user411@pmifi.ru
413,2024-11-06 17:07:43.754610,Books,142.18,user412@pmifi.ru
414,2024-11-05 17:07:43.754610,Home,37.97,user413@pmifi.ru
415,2024-11-04 17:07:43.754610,Home,270.27,user414@pmifi.ru
416,2024-11-03 17:07:43.754610,Clothing,468.94,user415@pmifi.ru
417,2024-11-02 17:07:43.754610,Clothing,29.28,user416@pmifi.ru
418,2024-11-01 17:07:43.754610,Clothing,69.83,user417@pmifi.ru
419,2024-10-31 17:07:43.754610,Home,231.58,user418@pmifi.ru
420,2024-10-30 17:07:43.754610,Books,467.6,user419@pmifi.ru
421,2024-10-29 17:07:43.754610,Books,164.92,user420@pmifi.ru
422,2024-10-28 17:07:43.754610,Books,258.55,user421@pmifi.ru
423,2024-10-27 17:07:43.754610,Electronics,30.37,user422@pmifi.ru
424,2024-10-26 17:07:43.754610,Clothing,82.69,user423@pmifi.ru
425,2024-10-25 17:07:43.754610,Electronics,493.45,user424@pmifi.ru
426,2024-10-24 17:07:43.754610,Home,482.91,user425@pmifi.ru
427,2024-10-23 17:07:43.754610,Clothing,12.42,user426@pmifi.ru
428,2024-10-22 17:07:43.754610,Books,476.39,user427@pmifi.ru
429,2024-10-21 17:07:43.754610,Clothing,323.17,user428@pmifi.ru
430,2024-10-20 17:07:43.754610,Electronics,435.28,user429@pmifi.ru
431,2024-10-19 17:07:43.754610,Electronics,232.82,user430@pmifi.ru
432,2024-10-18 17:07:43.754610,Books,262.64,user431@pmifi.ru
433,2024-10-17 17:07:43.754610,Home,249.53,user432@pmifi.ru
434,2024-10-16 17:07:43.754610,Electronics,336.76,user433@pmifi.ru
435,2024-10-15 17:07:43.754610,Electronics,78.43,user434@pmifi.ru
436,2024-10-14 17:07:43.754610,Home,24.69,user435@pmifi.ru
437,2024-10-13 17:07:43.754610,Electronics,160.89,user436@pmifi.ru
438,2024-10-12 17:07:43.754610,Books,355.29,user437@pmifi.ru
439,2024-10-11 17:07:43.754610,Home,108.91,user438@pmifi.ru
440,2024-10-10 17:07:43.754610,Electronics,339.98,user439@pmifi.ru
441,2024-10-09 17:07:43.754610,Electronics,485.26,user440@pmifi.ru
442,2024-10-08 17:07:43.754610,Books,56.01,user441@pmifi.ru
443,2024-10-07 17:07:43.754610,Clothing,339.58,user442@pmifi.ru
444,2024-10-06 17:07:43.754610,Clothing,227.44,user443@pmifi.ru
445,2024-10-05 17:07:43.754610,Books,435.39,user444@pmifi.ru
446,2024-10-04 17:07:43.754610,Books,96.8,user445@pmifi.ru
447,2024-10-03 17:07:43.754610,Books,349.39,user446@pmifi.ru
448,2024-10-02 17:07:43.754610,Books,420.68,user447@pmifi.ru
449,2024-10-01 17:07:43.754610,Clothing,472.86,user448@pmifi.ru
450,2024-09-30 17:07:43.754610,Electronics,344.79,user449@pmifi.ru
451,2024-09-29 17:07:43.754610,Books,253.62,user450@pmifi.ru
452,2024-09-28 17:07:43.754610,Home,312.75,user451@pmifi.ru
453,2024-09-27 17:07:43.754610,Clothing,435.76,user452@pmifi.ru
454,2024-09-26 17:07:43.754610,Books,289.6,user453@pmifi.ru
455,2024-09-25 17:07:43.754610,Electronics,24.89,user454@pmifi.ru
456,2024-09-24 17:07:43.754610,Clothing,466.16,user455@pmifi.ru
457,2024-09-23 17:07:43.754610,Electronics,347.87,user456@pmifi.ru
458,2024-09-22 17:07:43.754610,Clothing,341.49,user457@pmifi.ru
459,2024-09-21 17:07:43.754610,Electronics,115.68,user458@pmifi.ru
460,2024-09-20 17:07:43.754610,Electronics,332.85,user459@pmifi.ru
461,2024-09-19 17:07:43.754610,Electronics,202.99,user460@pmifi.ru
462,2024-09-18 17:07:43.754610,Home,329.1,user461@pmifi.ru
463,2024-09-17 17:07:43.754610,Home,62.23,user462@pmifi.ru
464,2024-09-16 17:07:43.754610,Home,332.34,user463@pmifi.ru
465,2024-09-15 17:07:43.754610,Books,499.71,user464@pmifi.ru
466,2024-09-14 17:07:43.754610,Clothing,33.62,user465@pmifi.ru
467,2024-09-13 17:07:43.754610,Clothing,488.82,user466@pmifi.ru
468,2024-09-12 17:07:43.754610,Books,209.38,user467@pmifi.ru
469,2024-09-11 17:07:43.754610,Electronics,436.67,user468@pmifi.ru
470,2024-09-10 17:07:43.754610,Books,393.37,user469@pmifi.ru
471,2024-09-09 17:07:43.754610,Electronics,287.84,user470@pmifi.ru
472,2024-09-08 17:07:43.754610,Books,371.84,user471@pmifi.ru
473,2024-09-07 17:07:43.754610,Electronics,440.47,user472@pmifi.ru
474,2024-09-06 17:07:43.754610,Books,208.03,user473@pmifi.ru
475,2024-09-05 17:07:43.754610,Home,170.25,user474@pmifi.ru
476,2024-09-04 17:07:43.754610,Books,337.12,user475@pmifi.ru
477,2024-09-03 17:07:43.754610,Electronics,405.84,user476@pmifi.ru
478,2024-09-02 17:07:43.754610,Home,383.52,user477@pmifi.ru
479,2024-09-01 17:07:43.754610,Books,400.93,user478@pmifi.ru
480,2024-08-31 17:07:43.754610,Home,223.44,user479@pmifi.ru
481,2024-08-30 17:07:43.754610,Home,410.74,user480@pmifi.ru
482,2024-08-29 17:07:43.754610,Home,68.9,user481@pmifi.ru
483,2024-08-28 17:07:43.754610,Clothing,276.8,user482@pmifi.ru
484,2024-08-27 17:07:43.754610,Home,12.82,user483@pmifi.ru
485,2024-08-26 17:07:43.754610,Home,169.05,user484@pmifi.ru
486,2024-08-25 17:07:43.754610,Books,189.57,user485@pmifi.ru
487,2024-08-24 17:07:43.754610,Electronics,204.12,user486@pmifi.ru
488,2024-08-23 17:07:43.754610,Clothing,350.78,user487@pmifi.ru
489,2024-08-22 17:07:43.754610,Books,200.39,user488@pmifi.ru
490,2024-08-21 17:07:43.754610,Books,229.86,user489@pmifi.ru
491,2024-08-20 17:07:43.754610,Clothing,126.4,user490@pmifi.ru
492,2024-08-19 17:07:43.754610,Home,192.89,user491@pmifi.ru
493,2024-08-18 17:07:43.754610,Clothing,121.36,user492@pmifi.ru
494,2024-08-17 17:07:43.754610,Electronics,45.87,user493@pmifi.ru
495,2024-08-16 17:07:43.754610,Clothing,305.69,user494@pmifi.ru
496,2024-08-15 17:07:43.754610,Clothing,337.42,user495@pmifi.ru
497,2024-08-14 17:07:43.754610,Home,313.55,user496@pmifi.ru
498,2024-08-13 17:07:43.754610,Electronics,237.11,user497@pmifi.ru
499,2024-08-12 17:07:43.754610,Books,196.1,user498@pmifi.ru
500,2024-08-11 17:07:43.754610,Books,433.03,user499@pmifi.ru
501,2024-08-10 17:07:43.754610,Home,264.35,user500@pmifi.ru
502,2024-08-09 17:07:43.754610,Home,244.8,user501@pmifi.ru
503,2024-08-08 17:07:43.754610,Clothing,22.56,user502@pmifi.ru
504,2024-08-07 17:07:43.754610,Books,177.21,user503@pmifi.ru
505,2024-08-06 17:07:43.754610,Home,196.3,user504@pmifi.ru
506,2024-08-05 17:07:43.754610,Electronics,205.42,user505@pmifi.ru
507,2024-08-04 17:07:43.754610,Books,294.28,user506@pmifi.ru
508,2024-08-03 17:07:43.754610,Books,271.47,user507@pmifi.ru
509,2024-08-02 17:07:43.754610,Books,307.87,user508@pmifi.ru
510,2024-08-01 17:07:43.754610,Home,384.79,user509@pmifi.ru
511,2024-07-31 17:07:43.754610,Home,408.36,user510@pmifi.ru
512,2024-07-30 17:07:43.754610,Clothing,361.88,user511@pmifi.ru
513,2024-07-29 17:07:43.754610,Books,478.21,user512@pmifi.ru
514,2024-07-28 17:07:43.754610,Books,18.93,user513@pmifi.ru
515,2024-07-27 17:07:43.754610,Electronics,105.93,user514@pmifi.ru
516,2024-07-26 17:07:43.754610,Electronics,13.71,user515@pmifi.ru
517,2024-07-25 17:07:43.754610,Clothing,327.26,user516@pmifi.ru
518,2024-07-24 17:07:43.754610,Books,450.03,user517@pmifi.ru
519,2024-07-23 17:07:43.754610,Books,129.31,user518@pmifi.ru
520,2024-07-22 17:07:43.754610,Electronics,464.25,user519@pmifi.ru
521,2024-07-21 17:07:43.754610,Home,39.53,user520@pmifi.ru
522,2024-07-20 17:07:43.754610,Clothing,467.87,user521@pmifi.ru
523,2024-07-19 17:07:43.754610,Books,182.3,user522@pmifi.ru
524,2024-07-18 17:07:43.754610,Books,59.7,user523@pmifi.ru
525,2024-07-17 17:07:43.754610,Books,248.08,user524@pmifi.ru
526,2024-07-16 17:07:43.754610,Clothing,135.82,user525@pmifi.ru
527,2024-07-15 17:07:43.754610,Clothing,149.59,user526@pmifi.ru
528,2024-07-14 17:07:43.754610,Clothing,160.57,user527@pmifi.ru
529,2024-07-13 17:07:43.754610,Electronics,403.48,user528@pmifi.ru
530,2024-07-12 17:07:43.754610,Books,274.19,user529@pmifi.ru
531,2024-07-11 17:07:43.754610,Books,162.54,user530@pmifi.ru
532,2024-07-10 17:07:43.754610,Books,309.06,user531@pmifi.ru
533,2024-07-09 17:07:43.754610,Books,360.91,user532@pmifi.ru
534,2024-07-08 17:07:43.754610,Home,143.59,user533@pmifi.ru
535,2024-07-07 17:07:43.754610,Books,212.64,user534@pmifi.ru
536,2024-07-06 17:07:43.754610,Books,69.72,user535@pmifi.ru
537,2024-07-05 17:07:43.754610,Books,98.76,user536@pmifi.ru
538,2024-07-04 17:07:43.754610,Electronics,343.75,user537@pmifi.ru
539,2024-07-03 17:07:43.754610,Clothing,98.9,user538@pmifi.ru
540,2024-07-02 17:07:43.754610,Electronics,267.33,user539@pmifi.ru
541,2024-07-01 17:07:43.754610,Books,357.43,user540@pmifi.ru
542,2024-06-30 17:07:43.754610,Home,62.37,user541@pmifi.ru
543,2024-06-29 17:07:43.754610,Electronics,287.98,user542@pmifi.ru
544,2024-06-28 17:07:43.754610,Home,135.72,user543@pmifi.ru
545,2024-06-27 17:07:43.754610,Home,481.83,user544@pmifi.ru
546,2024-06-26 17:07:43.754610,Clothing,246.94,user545@pmifi.ru
547,2024-06-25 17:07:43.754610,Electronics,404.94,user546@pmifi.ru
548,2024-06-24 17:07:43.754610,Home,279.61,user547@pmifi.ru
549,2024-06-23 17:07:43.754610,Home,31.27,user548@pmifi.ru
550,2024-06-22 17:07:43.754610,Books,320.24,user549@pmifi.ru
551,2024-06-21 17:07:43.754610,Home,476.19,user550@pmifi.ru
552,2024-06-20 17:07:43.754610,Books,304.79,user551@pmifi.ru
553,2024-06-19 17:07:43.754610,Home,411.4,user552@pmifi.ru
554,2024-06-18 17:07:43.754610,Home,443.26,user553@pmifi.ru
555,2024-06-17 17:07:43.754610,Books,121.76,user554@pmifi.ru
556,2024-06-16 17:07:43.754610,Clothing,113.9,user555@pmifi.ru
557,2024-06-15 17:07:43.754610,Electronics,309.38,user556@pmifi.ru
558,2024-06-14 17:07:43.754610,Electronics,211.4,user557@pmifi.ru
559,2024-06-13 17:07:43.754610,Books,421.53,user558@pmifi.ru
560,2024-06-12 17:07:43.754610,Home,451.01,user559@pmifi.ru
561,2024-06-11 17:07:43.754610,Home,183.18,user560@pmifi.ru
562,2024-06-10 17:07:43.754610,Electronics,126.07,user561@pmifi.ru
563,2024-06-09 17:07:43.754610,Electronics,392.46,user562@pmifi.ru
564,2024-06-08 17:07:43.754610,Electronics,144.65,user563@pmifi.ru
565,2024-06-07 17:07:43.754610,Clothing,413.08,user564@pmifi.ru
566,2024-06-06 17:07:43.754610,Home,217.63,user565@pmifi.ru
567,2024-06-05 17:07:43.754610,Clothing,337.1,user566@pmifi.ru
568,2024-06-04 17:07:43.754610,Clothing,56.81,user567@pmifi.ru
569,2024-06-03 17:07:43.754610,Books,315.69,user568@pmifi.ru
570,2024-06-02 17:07:43.754610,Clothing,231.37,user569@pmifi.ru
571,2024-06-01 17:07:43.754610,Home,297.44,user570@pmifi.ru
572,2024-05-31 17:07:43.754610,Books,92.33,user571@pmifi.ru
573,2024-05-30 17:07:43.754610,Clothing,371.07,user572@pmifi.ru
574,2024-05-29 17:07:43.754610,Home,432.77,user573@pmifi.ru
575,2024-05-28 17:07:43.754610,Books,116.2,user574@pmifi.ru
576,2024-05-27 17:07:43.754610,Books,56.9,user575@pmifi.ru
577,2024-05-26 17:07:43.754610,Electronics,21.58,user576@pmifi.ru
578,2024-05-25 17:07:43.754610,Books,324.57,user577@pmifi.ru
579,2024-05-24 17:07:43.754610,Clothing,307.48,user578@pmifi.ru
580,2024-05-23 17:07:43.754610,Clothing,277.88,user579@pmifi.ru
581,2024-05-22 17:07:43.754610,Clothing,123.65,user580@pmifi.ru
582,2024-05-21 17:07:43.754610,Books,201.54,user581@pmifi.ru
583,2024-05-20 17:07:43.754610,Clothing,301.29,user582@pmifi.ru
584,2024-05-19 17:07:43.754610,Clothing,253.42,user583@pmifi.ru
585,2024-05-18 17:07:43.754610,Home,494.01,user584@pmifi.ru
586,2024-05-17 17:07:43.754610,Electronics,76.86,user585@pmifi.ru
587,2024-05-16 17:07:43.754610,Electronics,350.62,user586@pmifi.ru
588,2024-05-15 17:07:43.754610,Electronics,208.12,user587@pmifi.ru
589,2024-05-14 17:07:43.754610,Electronics,219.82,user588@pmifi.ru
590,2024-05-13 17:07:43.754610,Electronics,361.62,user589@pmifi.ru
591,2024-05-12 17:07:43.754610,Electronics,349.29,user590@pmifi.ru
592,2024-05-11 17:07:43.754610,Home,495.72,user591@pmifi.ru
593,2024-05-10 17:07:43.754610,Electronics,72.91,user592@pmifi.ru
594,2024-05-09 17:07:43.754610,Clothing,61.01,user593@pmifi.ru
595,2024-05-08 17:07:43.754610,Books,364.93,user594@pmifi.ru
596,2024-05-07 17:07:43.754610,Clothing,293.41,user595@pmifi.ru
597,2024-05-06 17:07:43.754610,Home,144.34,user596@pmifi.ru
598,2024-05-05 17:07:43.754610,Electronics,48.92,user597@pmifi.ru
599,2024-05-04 17:07:43.754610,Electronics,51.97,user598@pmifi.ru
600,2024-05-03 17:07:43.754610,Electronics,448.15,user599@pmifi.ru
601,2024-05-02 17:07:43.754610,Electronics,104.01,user600@pmifi.ru
602,2024-05-01 17:07:43.754610,Clothing,168.45,user601@pmifi.ru
603,2024-04-30 17:07:43.754610,Electronics,121.06,user602@pmifi.ru
604,2024-04-29 17:07:43.754610,Electronics,183.95,user603@pmifi.ru
605,2024-04-28 17:07:43.754610,Electronics,44.02,user604@pmifi.ru
606,2024-04-27 17:07:43.754610,Clothing,264.34,user605@pmifi.ru
607,2024-04-26 17:07:43.754610,Electronics,43.13,user606@pmifi.ru
608,2024-04-25 17:07:43.754610,Clothing,402.17,user607@pmifi.ru
609,2024-04-24 17:07:43.754610,Home,124.52,user608@pmifi.ru
610,2024-04-23 17:07:43.754610,Home,274.61,user609@pmifi.ru
611,2024-04-22 17:07:43.754610,Electronics,441.24,user610@pmifi.ru
612,2024-04-21 17:07:43.754610,Books,328.93,user611@pmifi.ru
613,2024-04-20 17:07:43.754610,Home,271.15,user612@pmifi.ru
614,2024-04-19 17:07:43.754610,Electronics,168.92,user613@pmifi.ru
615,2024-04-18 17:07:43.754610,Books,173.17,user614@pmifi.ru
616,2024-04-17 17:07:43.754610,Books,338.05,user615@pmifi.ru
617,2024-04-16 17:07:43.754610,Electronics,497.13,user616@pmifi.ru
618,2024-04-15 17:07:43.754610,Clothing,334.3,user617@pmifi.ru
619,2024-04-14 17:07:43.754610,Books,283.31,user618@pmifi.ru
620,2024-04-13 17:07:43.754610,Home,368.02,user619@pmifi.ru
621,2024-04-12 17:07:43.754610,Electronics,237.95,user620@pmifi.ru
622,2024-04-11 17:07:43.754610,Electronics,39.47,user621@pmifi.ru
623,2024-04-10 17:07:43.754610,Clothing,285.53,user622@pmifi.ru
624,2024-04-09 17:07:43.754610,Clothing,479.24,user623@pmifi.ru
625,2024-04-08 17:07:43.754610,Home,95.9,user624@pmifi.ru
626,2024-04-07 17:07:43.754610,Clothing,348.1,user625@pmifi.ru
627,2024-04-06 17:07:43.754610,Clothing,108.46,user626@pmifi.ru
628,2024-04-05 17:07:43.754610,Home,272.56,user627@pmifi.ru
629,2024-04-04 17:07:43.754610,Electronics,57.37,user628@pmifi.ru
630,2024-04-03 17:07:43.754610,Clothing,230.68,user629@pmifi.ru
631,2024-04-02 17:07:43.754610,Home,380.52,user630@pmifi.ru
632,2024-04-01 17:07:43.754610,Books,180.31,user631@pmifi.ru
633,2024-03-31 17:07:43.754610,Home,335.81,user632@pmifi.ru
634,2024-03-30 17:07:43.754610,Home,399.77,user633@pmifi.ru
635,2024-03-29 17:07:43.754610,Electronics,464.32,user634@pmifi.ru
636,2024-03-28 17:07:43.754610,Clothing,124.97,user635@pmifi.ru
637,2024-03-27 17:07:43.754610,Home,205.66,user636@pmifi.ru
638,2024-03-26 17:07:43.754610,Electronics,84.68,user637@pmifi.ru
639,2024-03-25 17:07:43.754610,Clothing,496.32,user638@pmifi.ru
640,2024-03-24 17:07:43.754610,Clothing,464.23,user639@pmifi.ru
641,2024-03-23 17:07:43.754610,Electronics,274.58,user640@pmifi.ru
642,2024-03-22 17:07:43.754610,Clothing,422.6,user641@pmifi.ru
643,2024-03-21 17:07:43.754610,Electronics,265.27,user642@pmifi.ru
644,2024-03-20 17:07:43.754610,Clothing,315.56,user643@pmifi.ru
645,2024-03-19 17:07:43.754610,Electronics,53.67,user644@pmifi.ru
646,2024-03-18 17:07:43.754610,Books,380.08,user645@pmifi.ru
647,2024-03-17 17:07:43.754610,Home,72.58,user646@pmifi.ru
648,2024-03-16 17:07:43.754610,Home,414.77,user647@pmifi.ru
649,2024-03-15 17:07:43.754610,Books,393.19,user648@pmifi.ru
650,2024-03-14 17:07:43.754610,Clothing,357.28,user649@pmifi.ru
651,2024-03-13 17:07:43.754610,Electronics,27.72,user650@pmifi.ru
652,2024-03-12 17:07:43.754610,Home,158.53,user651@pmifi.ru
653,2024-03-11 17:07:43.754610,Home,138.93,user652@pmifi.ru
654,2024-03-10 17:07:43.754610,Home,186.47,user653@pmifi.ru
655,2024-03-09 17:07:43.754610,Clothing,52.94,user654@pmifi.ru
656,2024-03-08 17:07:43.754610,Electronics,469.11,user655@pmifi.ru
657,2024-03-07 17:07:43.754610,Clothing,281.36,user656@pmifi.ru
658,2024-03-06 17:07:43.754610,Clothing,159.71,user657@pmifi.ru
659,2024-03-05 17:07:43.754610,Home,204.52,user658@pmifi.ru
660,2024-03-04 17:07:43.754610,Home,229.13,user659@pmifi.ru
661,2024-03-03 17:07:43.754610,Clothing,304.29,user660@pmifi.ru
662,2024-03-02 17:07:43.754610,Books,262.68,user661@pmifi.ru
663,2024-03-01 17:07:43.754610,Home,460.5,user662@pmifi.ru
664,2024-02-29 17:07:43.754610,Electronics,253.51,user663@pmifi.ru
665,2024-02-28 17:07:43.754610,Electronics,496.16,user664@pmifi.ru
666,2024-02-27 17:07:43.754610,Electronics,427.2,user665@pmifi.ru
667,2024-02-26 17:07:43.754610,Electronics,112.17,user666@pmifi.ru
668,2024-02-25 17:07:43.754610,Electronics,465.99,user667@pmifi.ru
669,2024-02-24 17:07:43.754610,Electronics,67.02,user668@pmifi.ru
670,2024-02-23 17:07:43.754610,Clothing,410.55,user669@pmifi.ru
671,2024-02-22 17:07:43.754610,Electronics,196.51,user670@pmifi.ru
672,2024-02-21 17:07:43.754610,Books,440.21,user671@pmifi.ru
673,2024-02-20 17:07:43.754610,Electronics,435.35,user672@pmifi.ru
674,2024-02-19 17:07:43.754610,Home,404.9,user673@pmifi.ru
675,2024-02-18 17:07:43.754610,Clothing,397.11,user674@pmifi.ru
676,2024-02-17 17:07:43.754610,Books,159.29,user675@pmifi.ru
677,2024-02-16 17:07:43.754610,Electronics,49.65,user676@pmifi.ru
678,2024-02-15 17:07:43.754610,Clothing,207.46,user677@pmifi.ru
679,2024-02-14 17:07:43.754610,Books,95.03,user678@pmifi.ru
680,2024-02-13 17:07:43.754610,Books,350.53,user679@pmifi.ru
681,2024-02-12 17:07:43.754610,Books,179.59,user680@pmifi.ru
682,2024-02-11 17:07:43.754610,Clothing,488.05,user681@pmifi.ru
683,2024-02-10 17:07:43.754610,Electronics,324.08,user682@pmifi.ru
684,2024-02-09 17:07:43.754610,Home,413.02,user683@pmifi.ru
685,2024-02-08 17:07:43.754610,Books,74.94,user684@pmifi.ru
686,2024-02-07 17:07:43.754610,Home,432.39,user685@pmifi.ru
687,2024-02-06 17:07:43.754610,Home,462.15,user686@pmifi.ru
688,2024-02-05 17:07:43.754610,Clothing,248.66,user687@pmifi.ru
689,2024-02-04 17:07:43.754610,Books,307.06,user688@pmifi.ru
690,2024-02-03 17:07:43.754610,Electronics,384.76,user689@pmifi.ru
691,2024-02-02 17:07:43.754610,Clothing,95.67,user690@pmifi.ru
692,2024-02-01 17:07:43.754610,Clothing,256.26,user691@pmifi.ru
693,2024-01-31 17:07:43.754610,Home,205.34,user692@pmifi.ru
694,2024-01-30 17:07:43.754610,Electronics,81.72,user693@pmifi.ru
695,2024-01-29 17:07:43.754610,Electronics,190.09,user694@pmifi.ru
696,2024-01-28 17:07:43.754610,Home,43.4,user695@pmifi.ru
697,2024-01-27 17:07:43.754610,Clothing,22.65,user696@pmifi.ru
698,2024-01-26 17:07:43.754610,Home,76.23,user697@pmifi.ru
699,2024-01-25 17:07:43.754610,Electronics,481.93,user698@pmifi.ru
700,2024-01-24 17:07:43.754610,Clothing,279.27,user699@pmifi.ru
701,2024-01-23 17:07:43.754610,Home,483.25,user700@pmifi.ru
702,2024-01-22 17:07:43.754610,Electronics,221.92,user701@pmifi.ru
703,2024-01-21 17:07:43.754610,Clothing,162.79,user702@pmifi.ru
704,2024-01-20 17:07:43.754610,Electronics,258.01,user703@pmifi.ru
705,2024-01-19 17:07:43.754610,Electronics,225.36,user704@pmifi.ru
706,2024-01-18 17:07:43.754610,Books,61.78,user705@pmifi.ru
707,2024-01-17 17:07:43.754610,Clothing,324.0,user706@pmifi.ru
708,2024-01-16 17:07:43.754610,Books,115.86,user707@pmifi.ru
709,2024-01-15 17:07:43.754610,Clothing,313.6,user708@pmifi.ru
710,2024-01-14 17:07:43.754610,Home,328.6,user709@pmifi.ru
711,2024-01-13 17:07:43.754610,Books,84.49,user710@pmifi.ru
712,2024-01-12 17:07:43.754610,Home,40.06,user711@pmifi.ru
713,2024-01-11 17:07:43.754610,Clothing,392.57,user712@pmifi.ru
714,2024-01-10 17:07:43.754610,Clothing,235.3,user713@pmifi.ru
715,2024-01-09 17:07:43.754610,Clothing,38.5,user714@pmifi.ru
716,2024-01-08 17:07:43.754610,Books,497.48,user715@pmifi.ru
717,2024-01-07 17:07:43.754610,Books,38.31,user716@pmifi.ru
718,2024-01-06 17:07:43.754610,Books,350.57,user717@pmifi.ru
719,2024-01-05 17:07:43.754610,Electronics,492.0,user718@pmifi.ru
720,2024-01-04 17:07:43.754610,Home,127.2,user719@pmifi.ru
721,2024-01-03 17:07:43.754610,Books,79.7,user720@pmifi.ru
722,2024-01-02 17:07:43.754610,Electronics,69.48,user721@pmifi.ru
723,2024-01-01 17:07:43.754610,Electronics,158.6,user722@pmifi.ru
724,2023-12-31 17:07:43.754610,Home,59.51,user723@pmifi.ru
725,2023-12-30 17:07:43.754610,Home,349.16,user724@pmifi.ru
726,2023-12-29 17:07:43.754610,Books,40.52,user725@pmifi.ru
727,2023-12-28 17:07:43.754610,Electronics,259.62,user726@pmifi.ru
728,2023-12-27 17:07:43.754610,Books,498.38,user727@pmifi.ru
729,2023-12-26 17:07:43.754610,Electronics,408.85,user728@pmifi.ru
730,2023-12-25 17:07:43.754610,Electronics,311.46,user729@pmifi.ru
731,2023-12-24 17:07:43.754610,Electronics,160.06,user730@pmifi.ru
732,2023-12-23 17:07:43.754610,Books,315.71,user731@pmifi.ru
733,2023-12-22 17:07:43.754610,Home,268.25,user732@pmifi.ru
734,2023-12-21 17:07:43.754610,Home,218.78,user733@pmifi.ru
735,2023-12-20 17:07:43.754610,Clothing,74.05,user734@pmifi.ru
736,2023-12-19 17:07:43.754610,Books,444.44,user735@pmifi.ru
737,2023-12-18 17:07:43.754610,Clothing,230.39,user736@pmifi.ru
738,2023-12-17 17:07:43.754610,Books,105.37,user737@pmifi.ru
739,2023-12-16 17:07:43.754610,Clothing,190.2,user738@pmifi.ru
740,2023-12-15 17:07:43.754610,Clothing,212.92,user739@pmifi.ru
741,2023-12-14 17:07:43.754610,Clothing,415.49,user740@pmifi.ru
742,2023-12-13 17:07:43.754610,Clothing,369.47,user741@pmifi.ru
743,2023-12-12 17:07:43.754610,Home,386.96,user742@pmifi.ru
744,2023-12-11 17:07:43.754610,Home,15.41,user743@pmifi.ru
745,2023-12-10 17:07:43.754610,Electronics,213.92,user744@pmifi.ru
746,2023-12-09 17:07:43.754610,Books,245.86,user745@pmifi.ru
747,2023-12-08 17:07:43.754610,Clothing,19.4,user746@pmifi.ru
748,2023-12-07 17:07:43.754610,Home,137.31,user747@pmifi.ru
749,2023-12-06 17:07:43.754610,Books,382.54,user748@pmifi.ru
750,2023-12-05 17:07:43.754610,Home,77.18,user749@pmifi.ru
751,2023-12-04 17:07:43.754610,Electronics,272.3,user750@pmifi.ru
752,2023-12-03 17:07:43.754610,Books,115.45,user751@pmifi.ru
753,2023-12-02 17:07:43.754610,Home,15.94,user752@pmifi.ru
754,2023-12-01 17:07:43.754610,Clothing,128.19,user753@pmifi.ru
755,2023-11-30 17:07:43.754610,Electronics,488.18,user754@pmifi.ru
756,2023-11-29 17:07:43.754610,Books,402.75,user755@pmifi.ru
757,2023-11-28 17:07:43.754610,Home,480.19,user756@pmifi.ru
758,2023-11-27 17:07:43.754610,Home,249.05,user757@pmifi.ru
759,2023-11-26 17:07:43.754610,Books,63.77,user758@pmifi.ru
760,2023-11-25 17:07:43.754610,Books,278.5,user759@pmifi.ru
761,2023-11-24 17:07:43.754610,Electronics,232.64,user760@pmifi.ru
762,2023-11-23 17:07:43.754610,Clothing,423.73,user761@pmifi.ru
763,2023-11-22 17:07:43.754610,Electronics,58.06,user762@pmifi.ru
764,2023-11-21 17:07:43.754610,Home,249.24,user763@pmifi.ru
765,2023-11-20 17:07:43.754610,Electronics,83.52,user764@pmifi.ru
766,2023-11-19 17:07:43.754610,Home,169.09,user765@pmifi.ru
767,2023-11-18 17:07:43.754610,Books,371.3,user766@pmifi.ru
768,2023-11-17 17:07:43.754610,Books,243.25,user767@pmifi.ru
769,2023-11-16 17:07:43.754610,Clothing,194.19,user768@pmifi.ru
770,2023-11-15 17:07:43.754610,Books,203.29,user769@pmifi.ru
771,2023-11-14 17:07:43.754610,Electronics,235.13,user770@pmifi.ru
772,2023-11-13 17:07:43.754610,Books,394.66,user771@pmifi.ru
773,2023-11-12 17:07:43.754610,Electronics,447.12,user772@pmifi.ru
774,2023-11-11 17:07:43.754610,Clothing,478.11,user773@pmifi.ru
775,2023-11-10 17:07:43.754610,Books,395.58,user774@pmifi.ru
776,2023-11-09 17:07:43.754610,Electronics,164.55,user775@pmifi.ru
777,2023-11-08 17:07:43.754610,Electronics,347.19,user776@pmifi.ru
778,2023-11-07 17:07:43.754610,Home,224.43,user777@pmifi.ru
779,2023-11-06 17:07:43.754610,Home,134.79,user778@pmifi.ru
780,2023-11-05 17:07:43.754610,Home,422.03,user779@pmifi.ru
781,2023-11-04 17:07:43.754610,Home,28.83,user780@pmifi.ru
782,2023-11-03 17:07:43.754610,Home,451.86,user781@pmifi.ru
783,2023-11-02 17:07:43.754610,Clothing,236.12,user782@pmifi.ru
784,2023-11-01 17:07:43.754610,Clothing,322.23,user783@pmifi.ru
785,2023-10-31 17:07:43.754610,Electronics,333.08,user784@pmifi.ru
786,2023-10-30 17:07:43.754610,Books,448.61,user785@pmifi.ru
787,2023-10-29 17:07:43.754610,Home,321.97,user786@pmifi.ru
788,2023-10-28 17:07:43.754610,Clothing,310.83,user787@pmifi.ru
789,2023-10-27 17:07:43.754610,Clothing,42.66,user788@pmifi.ru
790,2023-10-26 17:07:43.754610,Books,264.02,user789@pmifi.ru
791,2023-10-25 17:07:43.754610,Electronics,83.58,user790@pmifi.ru
792,2023-10-24 17:07:43.754610,Home,371.34,user791@pmifi.ru
793,2023-10-23 17:07:43.754610,Home,260.99,user792@pmifi.ru
794,2023-10-22 17:07:43.754610,Home,343.31,user793@pmifi.ru
795,2023-10-21 17:07:43.754610,Electronics,30.42,user794@pmifi.ru
796,2023-10-20 17:07:43.754610,Books,51.55,user795@pmifi.ru
797,2023-10-19 17:07:43.754610,Books,361.0,user796@pmifi.ru
798,2023-10-18 17:07:43.754610,Home,45.32,user797@pmifi.ru
799,2023-10-17 17:07:43.754610,Home,44.92,user798@pmifi.ru
800,2023-10-16 17:07:43.754610,Books,15.93,user799@pmifi.ru
801,2023-10-15 17:07:43.754610,Home,478.69,user800@pmifi.ru
802,2023-10-14 17:07:43.754610,Electronics,371.38,user801@pmifi.ru
803,2023-10-13 17:07:43.754610,Home,183.09,user802@pmifi.ru
804,2023-10-12 17:07:43.754610,Home,155.3,user803@pmifi.ru
805,2023-10-11 17:07:43.754610,Clothing,181.35,user804@pmifi.ru
806,2023-10-10 17:07:43.754610,Home,389.58,user805@pmifi.ru
807,2023-10-09 17:07:43.754610,Books,334.07,user806@pmifi.ru
808,2023-10-08 17:07:43.754610,Books,100.75,user807@pmifi.ru
809,2023-10-07 17:07:43.754610,Clothing,95.31,user808@pmifi.ru
810,2023-10-06 17:07:43.754610,Electronics,58.21,user809@pmifi.ru
811,2023-10-05 17:07:43.754610,Books,333.55,user810@pmifi.ru
812,2023-10-04 17:07:43.754610,Books,384.54,user811@pmifi.ru
813,2023-10-03 17:07:43.754610,Electronics,139.87,user812@pmifi.ru
814,2023-10-02 17:07:43.754610,Books,20.26,user813@pmifi.ru
815,2023-10-01 17:07:43.754610,Books,50.26,user814@pmifi.ru
816,2023-09-30 17:07:43.754610,Home,484.25,user815@pmifi.ru
817,2023-09-29 17:07:43.754610,Home,154.77,user816@pmifi.ru
818,2023-09-28 17:07:43.754610,Clothing,386.92,user817@pmifi.ru
819,2023-09-27 17:07:43.754610,Electronics,316.09,user818@pmifi.ru
820,2023-09-26 17:07:43.754610,Clothing,197.15,user819@pmifi.ru
821,2023-09-25 17:07:43.754610,Books,110.79,user820@pmifi.ru
822,2023-09-24 17:07:43.754610,Electronics,69.48,user821@pmifi.ru
823,2023-09-23 17:07:43.754610,Clothing,311.36,user822@pmifi.ru
824,2023-09-22 17:07:43.754610,Clothing,389.57,user823@pmifi.ru
825,2023-09-21 17:07:43.754610,Home,325.51,user824@pmifi.ru
826,2023-09-20 17:07:43.754610,Books,269.85,user825@pmifi.ru
827,2023-09-19 17:07:43.754610,Clothing,30.56,user826@pmifi.ru
828,2023-09-18 17:07:43.754610,Clothing,484.56,user827@pmifi.ru
829,2023-09-17 17:07:43.754610,Home,401.37,user828@pmifi.ru
830,2023-09-16 17:07:43.754610,Clothing,153.48,user829@pmifi.ru
831,2023-09-15 17:07:43.754610,Electronics,490.19,user830@pmifi.ru
832,2023-09-14 17:07:43.754610,Clothing,304.92,user831@pmifi.ru
833,2023-09-13 17:07:43.754610,Electronics,295.39,user832@pmifi.ru
834,2023-09-12 17:07:43.754610,Electronics,376.56,user833@pmifi.ru
835,2023-09-11 17:07:43.754610,Clothing,407.77,user834@pmifi.ru
836,2023-09-10 17:07:43.754610,Clothing,331.67,user835@pmifi.ru
837,2023-09-09 17:07:43.754610,Books,72.77,user836@pmifi.ru
838,2023-09-08 17:07:43.754610,Clothing,175.75,user837@pmifi.ru
839,2023-09-07 17:07:43.754610,Home,464.76,user838@pmifi.ru
840,2023-09-06 17:07:43.754610,Home,120.06,user839@pmifi.ru
841,2023-09-05 17:07:43.754610,Electronics,192.36,user840@pmifi.ru
842,2023-09-04 17:07:43.754610,Home,221.72,user841@pmifi.ru
843,2023-09-03 17:07:43.754610,Electronics,225.31,user842@pmifi.ru
844,2023-09-02 17:07:43.754610,Books,310.34,user843@pmifi.ru
845,2023-09-01 17:07:43.754610,Electronics,472.11,user844@pmifi.ru
846,2023-08-31 17:07:43.754610,Clothing,127.94,user845@pmifi.ru
847,2023-08-30 17:07:43.754610,Electronics,69.54,user846@pmifi.ru
848,2023-08-29 17:07:43.754610,Books,106.76,user847@pmifi.ru
849,2023-08-28 17:07:43.754610,Home,444.59,user848@pmifi.ru
850,2023-08-27 17:07:43.754610,Home,326.45,user849@pmifi.ru
851,2023-08-26 17:07:43.754610,Electronics,150.09,user850@pmifi.ru
852,2023-08-25 17:07:43.754610,Home,409.81,user851@pmifi.ru
853,2023-08-24 17:07:43.754610,Electronics,432.07,user852@pmifi.ru
854,2023-08-23 17:07:43.754610,Books,424.79,user853@pmifi.ru
855,2023-08-22 17:07:43.754610,Electronics,460.27,user854@pmifi.ru
856,2023-08-21 17:07:43.754610,Electronics,133.6,user855@pmifi.ru
857,2023-08-20 17:07:43.754610,Electronics,379.97,user856@pmifi.ru
858,2023-08-19 17:07:43.754610,Clothing,235.66,user857@pmifi.ru
859,2023-08-18 17:07:43.754610,Home,422.58,user858@pmifi.ru
860,2023-08-17 17:07:43.754610,Electronics,366.96,user859@pmifi.ru
861,2023-08-16 17:07:43.754610,Books,390.46,user860@pmifi.ru
862,2023-08-15 17:07:43.754610,Clothing,331.52,user861@pmifi.ru
863,2023-08-14 17:07:43.754610,Home,96.94,user862@pmifi.ru
864,2023-08-13 17:07:43.754610,Clothing,277.06,user863@pmifi.ru
865,2023-08-12 17:07:43.754610,Clothing,492.49,user864@pmifi.ru
866,2023-08-11 17:07:43.754610,Home,469.32,user865@pmifi.ru
867,2023-08-10 17:07:43.754610,Electronics,31.16,user866@pmifi.ru
868,2023-08-09 17:07:43.754610,Electronics,90.76,user867@pmifi.ru
869,2023-08-08 17:07:43.754610,Books,74.55,user868@pmifi.ru
870,2023-08-07 17:07:43.754610,Books,365.73,user869@pmifi.ru
871,2023-08-06 17:07:43.754610,Clothing,410.71,user870@pmifi.ru
872,2023-08-05 17:07:43.754610,Clothing,114.62,user871@pmifi.ru
873,2023-08-04 17:07:43.754610,Home,257.87,user872@pmifi.ru
874,2023-08-03 17:07:43.754610,Clothing,421.94,user873@pmifi.ru
875,2023-08-02 17:07:43.754610,Electronics,369.07,user874@pmifi.ru
876,2023-08-01 17:07:43.754610,Electronics,275.7,user875@pmifi.ru
877,2023-07-31 17:07:43.754610,Home,299.27,user876@pmifi.ru
878,2023-07-30 17:07:43.754610,Home,259.1,user877@pmifi.ru
879,2023-07-29 17:07:43.754610,Electronics,155.8,user878@pmifi.ru
880,2023-07-28 17:07:43.754610,Electronics,286.86,user879@pmifi.ru
881,2023-07-27 17:07:43.754610,Electronics,347.55,user880@pmifi.ru
882,2023-07-26 17:07:43.754610,Home,437.93,user881@pmifi.ru
883,2023-07-25 17:07:43.754610,Electronics,321.78,user882@pmifi.ru
884,2023-07-24 17:07:43.754610,Electronics,382.95,user883@pmifi.ru
885,2023-07-23 17:07:43.754610,Books,88.44,user884@pmifi.ru
886,2023-07-22 17:07:43.754610,Electronics,236.16,user885@pmifi.ru
887,2023-07-21 17:07:43.754610,Home,14.57,user886@pmifi.ru
888,2023-07-20 17:07:43.754610,Electronics,130.87,user887@pmifi.ru
889,2023-07-19 17:07:43.754610,Electronics,365.97,user888@pmifi.ru
890,2023-07-18 17:07:43.754610,Electronics,495.99,user889@pmifi.ru
891,2023-07-17 17:07:43.754610,Home,58.6,user890@pmifi.ru
892,2023-07-16 17:07:43.754610,Books,206.73,user891@pmifi.ru
893,2023-07-15 17:07:43.754610,Books,402.03,user892@pmifi.ru
894,2023-07-14 17:07:43.754610,Clothing,109.98,user893@pmifi.ru
895,2023-07-13 17:07:43.754610,Home,281.99,user894@pmifi.ru
896,2023-07-12 17:07:43.754610,Electronics,369.2,user895@pmifi.ru
897,2023-07-11 17:07:43.754610,Clothing,311.83,user896@pmifi.ru
898,2023-07-10 17:07:43.754610,Books,102.13,user897@pmifi.ru
899,2023-07-09 17:07:43.754610,Electronics,184.14,user898@pmifi.ru
900,2023-07-08 17:07:43.754610,Electronics,394.06,user899@pmifi.ru
901,2023-07-07 17:07:43.754610,Electronics,281.57,user900@pmifi.ru
902,2023-07-06 17:07:43.754610,Electronics,12.56,user901@pmifi.ru
903,2023-07-05 17:07:43.754610,Electronics,382.89,user902@pmifi.ru
904,2023-07-04 17:07:43.754610,Home,27.3,user903@pmifi.ru
905,2023-07-03 17:07:43.754610,Clothing,375.41,user904@pmifi.ru
906,2023-07-02 17:07:43.754610,Books,109.22,user905@pmifi.ru
907,2023-07-01 17:07:43.754610,Books,479.46,user906@pmifi.ru
908,2023-06-30 17:07:43.754610,Clothing,190.29,user907@pmifi.ru
909,2023-06-29 17:07:43.754610,Clothing,170.2,user908@pmifi.ru
910,2023-06-28 17:07:43.754610,Clothing,82.96,user909@pmifi.ru
911,2023-06-27 17:07:43.754610,Home,159.75,user910@pmifi.ru
912,2023-06-26 17:07:43.754610,Clothing,439.56,user911@pmifi.ru
913,2023-06-25 17:07:43.754610,Home,498.2,user912@pmifi.ru
914,2023-06-24 17:07:43.754610,Clothing,190.47,user913@pmifi.ru
915,2023-06-23 17:07:43.754610,Home,229.82,user914@pmifi.ru
916,2023-06-22 17:07:43.754610,Clothing,363.81,user915@pmifi.ru
917,2023-06-21 17:07:43.754610,Clothing,444.24,user916@pmifi.ru
918,2023-06-20 17:07:43.754610,Books,300.59,user917@pmifi.ru
919,2023-06-19 17:07:43.754610,Books,201.85,user918@pmifi.ru
920,2023-06-18 17:07:43.754610,Electronics,212.18,user919@pmifi.ru
921,2023-06-17 17:07:43.754610,Books,350.85,user920@pmifi.ru
922,2023-06-16 17:07:43.754610,Clothing,11.58,user921@pmifi.ru
923,2023-06-15 17:07:43.754610,Books,313.6,user922@pmifi.ru
924,2023-06-14 17:07:43.754610,Books,184.19,user923@pmifi.ru
925,2023-06-13 17:07:43.754610,Clothing,399.16,user924@pmifi.ru
926,2023-06-12 17:07:43.754610,Electronics,55.57,user925@pmifi.ru
927,2023-06-11 17:07:43.754610,Clothing,298.22,user926@pmifi.ru
928,2023-06-10 17:07:43.754610,Home,245.68,user927@pmifi.ru
929,2023-06-09 17:07:43.754610,Home,324.74,user928@pmifi.ru
930,2023-06-08 17:07:43.754610,Clothing,41.78,user929@pmifi.ru
931,2023-06-07 17:07:43.754610,Electronics,294.19,user930@pmifi.ru
932,2023-06-06 17:07:43.754610,Books,285.13,user931@pmifi.ru
933,2023-06-05 17:07:43.754610,Books,284.72,user932@pmifi.ru
934,2023-06-04 17:07:43.754610,Home,305.71,user933@pmifi.ru
935,2023-06-03 17:07:43.754610,Electronics,341.47,user934@pmifi.ru
936,2023-06-02 17:07:43.754610,Clothing,404.44,user935@pmifi.ru
937,2023-06-01 17:07:43.754610,Electronics,142.21,user936@pmifi.ru
938,2023-05-31 17:07:43.754610,Books,414.27,user937@pmifi.ru
939,2023-05-30 17:07:43.754610,Electronics,254.15,user938@pmifi.ru
940,2023-05-29 17:07:43.754610,Home,47.76,user939@pmifi.ru
941,2023-05-28 17:07:43.754610,Clothing,38.69,user940@pmifi.ru
942,2023-05-27 17:07:43.754610,Home,173.78,user941@pmifi.ru
943,2023-05-26 17:07:43.754610,Home,394.6,user942@pmifi.ru
944,2023-05-25 17:07:43.754610,Books,356.76,user943@pmifi.ru
945,2023-05-24 17:07:43.754610,Electronics,396.42,user944@pmifi.ru
946,2023-05-23 17:07:43.754610,Electronics,263.46,user945@pmifi.ru
947,2023-05-22 17:07:43.754610,Electronics,225.7,user946@pmifi.ru
948,2023-05-21 17:07:43.754610,Books,82.25,user947@pmifi.ru
949,2023-05-20 17:07:43.754610,Books,170.81,user948@pmifi.ru
950,2023-05-19 17:07:43.754610,Home,222.67,user949@pmifi.ru
951,2023-05-18 17:07:43.754610,Home,53.41,user950@pmifi.ru
952,2023-05-17 17:07:43.754610,Home,118.1,user951@pmifi.ru
953,2023-05-16 17:07:43.754610,Electronics,303.13,user952@pmifi.ru
954,2023-05-15 17:07:43.754610,Books,370.47,user953@pmifi.ru
955,2023-05-14 17:07:43.754610,Clothing,499.19,user954@pmifi.ru
956,2023-05-13 17:07:43.754610,Clothing,467.23,user955@pmifi.ru
957,2023-05-12 17:07:43.754610,Home,324.86,user956@pmifi.ru
958,2023-05-11 17:07:43.754610,Electronics,216.41,user957@pmifi.ru
959,2023-05-10 17:07:43.754610,Electronics,321.73,user958@pmifi.ru
960,2023-05-09 17:07:43.754610,Home,394.97,user959@pmifi.ru
961,2023-05-08 17:07:43.754610,Electronics,67.98,user960@pmifi.ru
962,2023-05-07 17:07:43.754610,Home,210.85,user961@pmifi.ru
963,2023-05-06 17:07:43.754610,Electronics,421.5,user962@pmifi.ru
964,2023-05-05 17:07:43.754610,Clothing,198.08,user963@pmifi.ru
965,2023-05-04 17:07:43.754610,Clothing,290.22,user964@pmifi.ru
966,2023-05-03 17:07:43.754610,Clothing,298.01,user965@pmifi.ru
967,2023-05-02 17:07:43.754610,Home,100.39,user966@pmifi.ru
968,2023-05-01 17:07:43.754610,Clothing,187.5,user967@pmifi.ru
969,2023-04-30 17:07:43.754610,Home,173.91,user968@pmifi.ru
970,2023-04-29 17:07:43.754610,Clothing,22.84,user969@pmifi.ru
971,2023-04-28 17:07:43.754610,Home,21.85,user970@pmifi.ru
972,2023-04-27 17:07:43.754610,Books,417.53,user971@pmifi.ru
973,2023-04-26 17:07:43.754610,Home,143.8,user972@pmifi.ru
974,2023-04-25 17:07:43.754610,Electronics,263.86,user973@pmifi.ru
975,2023-04-24 17:07:43.754610,Electronics,156.38,user974@pmifi.ru
976,2023-04-23 17:07:43.754610,Clothing,470.93,user975@pmifi.ru
977,2023-04-22 17:07:43.754610,Home,137.06,user976@pmifi.ru
978,2023-04-21 17:07:43.754610,Electronics,220.53,user977@pmifi.ru
979,2023-04-20 17:07:43.754610,Clothing,437.64,user978@pmifi.ru
980,2023-04-19 17:07:43.754610,Home,422.55,user979@pmifi.ru
981,2023-04-18 17:07:43.754610,Clothing,101.19,user980@pmifi.ru
982,2023-04-17 17:07:43.754610,Books,403.3,user981@pmifi.ru
983,2023-04-16 17:07:43.754610,Electronics,234.51,user982@pmifi.ru
984,2023-04-15 17:07:43.754610,Electronics,246.65,user983@pmifi.ru
985,2023-04-14 17:07:43.754610,Home,75.41,user984@pmifi.ru
986,2023-04-13 17:07:43.754610,Clothing,49.49,user985@pmifi.ru
987,2023-04-12 17:07:43.754610,Home,366.69,user986@pmifi.ru
988,2023-04-11 17:07:43.754610,Clothing,253.27,user987@pmifi.ru
989,2023-04-10 17:07:43.754610,Electronics,224.06,user988@pmifi.ru
990,2023-04-09 17:07:43.754610,Books,367.46,user989@pmifi.ru
991,2023-04-08 17:07:43.754610,Books,385.1,user990@pmifi.ru
992,2023-04-07 17:07:43.754610,Home,87.87,user991@pmifi.ru
993,2023-04-06 17:07:43.754610,Clothing,309.01,user992@pmifi.ru
994,2023-04-05 17:07:43.754610,Home,76.32,user993@pmifi.ru
995,2023-04-04 17:07:43.754610,Clothing,378.17,user994@pmifi.ru
996,2023-04-03 17:07:43.754610,Electronics,331.91,user995@pmifi.ru
997,2023-04-02 17:07:43.754610,Books,478.74,user996@pmifi.ru
998,2023-04-01 17:07:43.754610,Electronics,43.79,user997@pmifi.ru
999,2023-03-31 17:07:43.754610,Books,37.96,user998@pmifi.ru
1000,2023-03-30 17:07:43.754610,Clothing,148.27,user999@pmifi.ru
